Month,Impressions,Clicks,CTR,month_key,Month of Year,Sessions,Users,Engagement Rate,Sessions_per_Click,Efficiency_Index
2021-04,7367985,21035,0.0028549189500250067,2021-04,2021-04,8139,7536,1.080015923566879,0.3869265509864512,0.003083357926519842
2021-05,11096962,28409,0.0025600700443959346,2021-05,2021-05,10507,9445,1.1124404446797247,0.36984758351226726,0.002847925458599056
2021-06,15025723,28935,0.0019256976852295227,2021-06,2021-06,11996,10461,1.1467354937386482,0.4145844133402454,0.0022082658858630488
2021-07,9109950,28240,0.003099907244276862,2021-07,2021-07,15852,12777,1.2406668231979339,0.5613314447592068,0.003845952072965236
2021-08,11511409,32484,0.0028218960858744572,2021-08,2021-08,24721,19410,1.273621844410098,0.7610208102450438,0.0035940284976250622
2021-09,19799018,46001,0.0023233980594391094,2021-09,2021-09,33646,26479,1.270667321273462,0.731418882198213,0.002952265988439453
2021-10,16971317,48182,0.0028390253979699983,2021-10,2021-10,30904,24981,1.2371001961490733,0.6414013532024407,0.003512158876700886
